amount,amountInHomeCurrency,category,conversionRate,country,countryCode,datePaid,homeCurrency,localCurrency,notes,paidBy,paidFor,kristianallin,egal,susannaallin04,paymentMethod,photo,place,latitude,longitude,type,numberOfDays,excludeFromAvg,addToBudget,categoryId,categoryIcon,categoryColor,paymentMethodId,paymentMethodIcon,paymentMethodColor,paidById,paidToId,splitObjects
"20.00"," 7.91","Groceries","2.529","Peru","PE","2026-03-09","CAD","PEN","Snacks","kristianallin","kristianallin,egal"," 3.96"," 3.95"," 0.00","Cash","","","","","Expense","1","false","false","shopping_cart-false-7c3765bf72361083d820071fb21308a9","shopping_cart","#039BE5","payments-069b30db06d047a398f9eb0940d3279c","payments","#039BE5","2qZZepJQcJZ9kN0wUZh8xKeSaFx1","","[{'share':10000,'shareInHomeCurrency':3960,'forTravelerId':'2qZZepJQcJZ9kN0wUZh8xKeSaFx1'},{'share':10000,'shareInHomeCurrency':3950,'forTravelerId':'jAoT6CIQr2Nvpcx7t7d0KhKGmlk2'}]"
"10.50"," 4.15","Shopping","2.529","Peru","PE","2026-03-09","CAD","PEN","Llama + water","kristianallin","kristianallin,egal"," 2.08"," 2.07"," 0.00","Cash","","","","","Expense","1","false","false","local_mall-false-fed561a86e066be5a26232626c4867a2","local_mall","#0F9D58","payments-069b30db06d047a398f9eb0940d3279c","payments","#039BE5","2qZZepJQcJZ9kN0wUZh8xKeSaFx1","","[{'share':5250,'shareInHomeCurrency':2080,'forTravelerId':'2qZZepJQcJZ9kN0wUZh8xKeSaFx1'},{'share':5250,'shareInHomeCurrency':2070,'forTravelerId':'jAoT6CIQr2Nvpcx7t7d0KhKGmlk2'}]"
"70.50"," 27.87","Restaurants","2.529","Peru","PE","2026-03-09","CAD","PEN","IZI* Ianana","kristianallin","kristianallin,egal"," 13.94"," 13.93"," 0.00","Credit Card","","","","","Expense","1","false","false","restaurant-false-386c1f850fbd5f478fb4ef8a134c1740","restaurant","#009688","credit_card-73a61696f100b3858511e212a3feea6b","credit_card","#FFB300","2qZZepJQcJZ9kN0wUZh8xKeSaFx1","","[{'share':35250,'shareInHomeCurrency':13940,'forTravelerId':'2qZZepJQcJZ9kN0wUZh8xKeSaFx1'},{'share':35250,'shareInHomeCurrency':13930,'forTravelerId':'jAoT6CIQr2Nvpcx7t7d0KhKGmlk2'}]"
"171.91"," 67.96","Restaurants","2.529","Peru","PE","2026-03-09","CAD","PEN","Estancia El Solar Sac","kristianallin","kristianallin,egal"," 33.98"," 33.98"," 0.00","Credit Card","","","","","Expense","1","false","false","restaurant-false-386c1f850fbd5f478fb4ef8a134c1740","restaurant","#009688","credit_card-73a61696f100b3858511e212a3feea6b","credit_card","#FFB300","2qZZepJQcJZ9kN0wUZh8xKeSaFx1","","[{'share':85960,'shareInHomeCurrency':33980,'forTravelerId':'2qZZepJQcJZ9kN0wUZh8xKeSaFx1'},{'share':85950,'shareInHomeCurrency':33980,'forTravelerId':'jAoT6CIQr2Nvpcx7t7d0KhKGmlk2'}]"
"7.80"," 3.08","Transportation","2.529","Peru","PE","2026-03-09","CAD","PEN","Tolls","kristianallin","kristianallin,egal"," 1.54"," 1.54"," 0.00","Cash","","","","","Expense","1","false","false","train-false-a600971fdd23ea1f5685d7ee01d5f5c3","train","#EF6C00","payments-069b30db06d047a398f9eb0940d3279c","payments","#039BE5","2qZZepJQcJZ9kN0wUZh8xKeSaFx1","","[{'share':3900,'shareInHomeCurrency':1540,'forTravelerId':'2qZZepJQcJZ9kN0wUZh8xKeSaFx1'},{'share':3900,'shareInHomeCurrency':1540,'forTravelerId':'jAoT6CIQr2Nvpcx7t7d0KhKGmlk2'}]"
"30.00"," 11.86","Transportation","2.529","Peru","PE","2026-03-09","CAD","PEN","Parking","kristianallin","kristianallin,egal"," 5.93"," 5.93"," 0.00","Cash","","","","","Expense","1","false","false","train-false-a600971fdd23ea1f5685d7ee01d5f5c3","train","#EF6C00","payments-069b30db06d047a398f9eb0940d3279c","payments","#039BE5","2qZZepJQcJZ9kN0wUZh8xKeSaFx1","","[{'share':15000,'shareInHomeCurrency':5930,'forTravelerId':'2qZZepJQcJZ9kN0wUZh8xKeSaFx1'},{'share':15000,'shareInHomeCurrency':5930,'forTravelerId':'jAoT6CIQr2Nvpcx7t7d0KhKGmlk2'}]"
"8.00"," 3.17","Groceries","2.525","Peru","PE","2026-03-08","CAD","PEN","Convenience store","kristianallin","kristianallin,egal"," 1.59"," 1.58"," 0.00","Cash","","","","","Expense","1","false","false","shopping_cart-false-7c3765bf72361083d820071fb21308a9","shopping_cart","#039BE5","payments-069b30db06d047a398f9eb0940d3279c","payments","#039BE5","2qZZepJQcJZ9kN0wUZh8xKeSaFx1","","[{'share':4000,'shareInHomeCurrency':1590,'forTravelerId':'2qZZepJQcJZ9kN0wUZh8xKeSaFx1'},{'share':4000,'shareInHomeCurrency':1580,'forTravelerId':'jAoT6CIQr2Nvpcx7t7d0KhKGmlk2'}]"
"144.00"," 57.04","Restaurants","2.525","Peru","PE","2026-03-08","CAD","PEN","IZI* La Receta Fast Food","kristianallin","kristianallin,egal"," 28.52"," 28.52"," 0.00","Credit Card","","","","","Expense","1","false","false","restaurant-false-386c1f850fbd5f478fb4ef8a134c1740","restaurant","#009688","credit_card-73a61696f100b3858511e212a3feea6b","credit_card","#FFB300","2qZZepJQcJZ9kN0wUZh8xKeSaFx1","","[{'share':72000,'shareInHomeCurrency':28520,'forTravelerId':'2qZZepJQcJZ9kN0wUZh8xKeSaFx1'},{'share':72000,'shareInHomeCurrency':28520,'forTravelerId':'jAoT6CIQr2Nvpcx7t7d0KhKGmlk2'}]"
"115.00"," 45.55","Gas","2.525","Peru","PE","2026-03-08","CAD","PEN","Una Puno","kristianallin","kristianallin,egal"," 22.78"," 22.77"," 0.00","Credit Card","","","","","Expense","1","false","false","ev_station-false-635459702f9817de29e608fa3395637c","ev_station","#6D4C41","credit_card-73a61696f100b3858511e212a3feea6b","credit_card","#FFB300","2qZZepJQcJZ9kN0wUZh8xKeSaFx1","","[{'share':57500,'shareInHomeCurrency':22780,'forTravelerId':'2qZZepJQcJZ9kN0wUZh8xKeSaFx1'},{'share':57500,'shareInHomeCurrency':22770,'forTravelerId':'jAoT6CIQr2Nvpcx7t7d0KhKGmlk2'}]"
"38.00"," 15.05","Drinks","2.525","Peru","PE","2026-03-07","CAD","PEN","Lake Titicaca Hotel","kristianallin","kristianallin,egal"," 7.53"," 7.52"," 0.00","Credit Card","","","","","Expense","1","false","false","local_bar-false-0c96179df5834759b90ee5cb3834a365","local_bar","#673AB7","credit_card-73a61696f100b3858511e212a3feea6b","credit_card","#FFB300","2qZZepJQcJZ9kN0wUZh8xKeSaFx1","","[{'share':19000,'shareInHomeCurrency':7530,'forTravelerId':'2qZZepJQcJZ9kN0wUZh8xKeSaFx1'},{'share':19000,'shareInHomeCurrency':7520,'forTravelerId':'jAoT6CIQr2Nvpcx7t7d0KhKGmlk2'}]"
"94.00"," 37.24","Restaurants","2.525","Peru","PE","2026-03-07","CAD","PEN","Pancca Oha Olga Yolanda","kristianallin","kristianallin,egal"," 18.62"," 18.62"," 0.00","Credit Card","","","","","Expense","1","false","false","restaurant-false-386c1f850fbd5f478fb4ef8a134c1740","restaurant","#009688","credit_card-73a61696f100b3858511e212a3feea6b","credit_card","#FFB300","2qZZepJQcJZ9kN0wUZh8xKeSaFx1","","[{'share':47000,'shareInHomeCurrency':18620,'forTravelerId':'2qZZepJQcJZ9kN0wUZh8xKeSaFx1'},{'share':47000,'shareInHomeCurrency':18620,'forTravelerId':'jAoT6CIQr2Nvpcx7t7d0KhKGmlk2'}]"
"40.00"," 15.84","Activities","2.525","Peru","PE","2026-03-07","CAD","PEN","Local Boat ride","kristianallin","kristianallin,egal"," 7.92"," 7.92"," 0.00","Cash","","","","","Expense","1","false","false","rowing-false-d78ed35383108fb6c04c16d0a11b20fe","rowing","#E91E63","payments-069b30db06d047a398f9eb0940d3279c","payments","#039BE5","2qZZepJQcJZ9kN0wUZh8xKeSaFx1","","[{'share':20000,'shareInHomeCurrency':7920,'forTravelerId':'2qZZepJQcJZ9kN0wUZh8xKeSaFx1'},{'share':20000,'shareInHomeCurrency':7920,'forTravelerId':'jAoT6CIQr2Nvpcx7t7d0KhKGmlk2'}]"
"250.00"," 99.03","Shopping","2.525","Peru","PE","2026-03-07","CAD","PEN","Lake Titicaca souvenirs","kristianallin","kristianallin,egal"," 49.52"," 49.51"," 0.00","Cash","","","","","Expense","1","false","false","local_mall-false-fed561a86e066be5a26232626c4867a2","local_mall","#0F9D58","payments-069b30db06d047a398f9eb0940d3279c","payments","#039BE5","2qZZepJQcJZ9kN0wUZh8xKeSaFx1","","[{'share':125000,'shareInHomeCurrency':49520,'forTravelerId':'2qZZepJQcJZ9kN0wUZh8xKeSaFx1'},{'share':125000,'shareInHomeCurrency':49510,'forTravelerId':'jAoT6CIQr2Nvpcx7t7d0KhKGmlk2'}]"
"20.70"," 8.20","Laundry","2.525","Peru","PE","2026-03-07","CAD","PEN","Laundry","kristianallin","kristianallin,egal"," 4.10"," 4.10"," 0.00","Cash","","","","","Expense","1","false","false","local_laundry_service-false-51f0cc41f89738b2c779ae8e61e45adf","local_laundry_service","#0097A7","payments-069b30db06d047a398f9eb0940d3279c","payments","#039BE5","2qZZepJQcJZ9kN0wUZh8xKeSaFx1","","[{'share':10350,'shareInHomeCurrency':4100,'forTravelerId':'2qZZepJQcJZ9kN0wUZh8xKeSaFx1'},{'share':10350,'shareInHomeCurrency':4100,'forTravelerId':'jAoT6CIQr2Nvpcx7t7d0KhKGmlk2'}]"
" 285.00"," 285.00","Transportation","1","Peru","PE","2026-03-06","CAD","CAD","Rental car","kristianallin","kristianallin,egal"," 142.50"," 142.50"," 0.00","Credit Card","","Puno, Peru","-15.841","-70.028","Expense","5","false","false","train-false-a600971fdd23ea1f5685d7ee01d5f5c3","train","#EF6C00","credit_card-73a61696f100b3858511e212a3feea6b","credit_card","#FFB300","2qZZepJQcJZ9kN0wUZh8xKeSaFx1","","[{'share':142500,'shareInHomeCurrency':142500,'forTravelerId':'2qZZepJQcJZ9kN0wUZh8xKeSaFx1'},{'share':142500,'shareInHomeCurrency':142500,'forTravelerId':'jAoT6CIQr2Nvpcx7t7d0KhKGmlk2'}]"
"110.00"," 44.08","Restaurants","2.495","Peru","PE","2026-03-06","CAD","PEN","Indian dinner","kristianallin","kristianallin,egal"," 22.04"," 22.04"," 0.00","Cash","","","","","Expense","1","false","false","restaurant-false-386c1f850fbd5f478fb4ef8a134c1740","restaurant","#009688","payments-069b30db06d047a398f9eb0940d3279c","payments","#039BE5","2qZZepJQcJZ9kN0wUZh8xKeSaFx1","","[{'share':55000,'shareInHomeCurrency':22040,'forTravelerId':'2qZZepJQcJZ9kN0wUZh8xKeSaFx1'},{'share':55000,'shareInHomeCurrency':22040,'forTravelerId':'jAoT6CIQr2Nvpcx7t7d0KhKGmlk2'}]"
"7.80"," 3.13","Transportation","2.495","Peru","PE","2026-03-06","CAD","PEN","Tolls","kristianallin","kristianallin,egal"," 1.57"," 1.56"," 0.00","Cash","","","","","Expense","1","false","false","train-false-a600971fdd23ea1f5685d7ee01d5f5c3","train","#EF6C00","payments-069b30db06d047a398f9eb0940d3279c","payments","#039BE5","2qZZepJQcJZ9kN0wUZh8xKeSaFx1","","[{'share':3900,'shareInHomeCurrency':1570,'forTravelerId':'2qZZepJQcJZ9kN0wUZh8xKeSaFx1'},{'share':3900,'shareInHomeCurrency':1560,'forTravelerId':'jAoT6CIQr2Nvpcx7t7d0KhKGmlk2'}]"
"60.13"," 24.10","Gas","2.495","Peru","PE","2026-03-06","CAD","PEN","Estacion Zamacola","kristianallin","kristianallin,egal"," 12.05"," 12.05"," 0.00","Credit Card","","","","","Expense","1","false","false","ev_station-false-635459702f9817de29e608fa3395637c","ev_station","#6D4C41","credit_card-73a61696f100b3858511e212a3feea6b","credit_card","#FFB300","2qZZepJQcJZ9kN0wUZh8xKeSaFx1","","[{'share':30070,'shareInHomeCurrency':12050,'forTravelerId':'2qZZepJQcJZ9kN0wUZh8xKeSaFx1'},{'share':30060,'shareInHomeCurrency':12050,'forTravelerId':'jAoT6CIQr2Nvpcx7t7d0KhKGmlk2'}]"
"22.98"," 9.21","Groceries","2.495","Peru","PE","2026-03-06","CAD","PEN","Oxxo Efigies","kristianallin","kristianallin,egal"," 4.61"," 4.60"," 0.00","Credit Card","","","","","Expense","1","false","false","shopping_cart-false-7c3765bf72361083d820071fb21308a9","shopping_cart","#039BE5","credit_card-73a61696f100b3858511e212a3feea6b","credit_card","#FFB300","2qZZepJQcJZ9kN0wUZh8xKeSaFx1","","[{'share':11490,'shareInHomeCurrency':4610,'forTravelerId':'2qZZepJQcJZ9kN0wUZh8xKeSaFx1'},{'share':11490,'shareInHomeCurrency':4600,'forTravelerId':'jAoT6CIQr2Nvpcx7t7d0KhKGmlk2'}]"
" 185.13"," 250.76","Accommodation","0.738","Peru","PE","2026-03-06","CAD","USD","Lake titicaca hotel","kristianallin","kristianallin,egal"," 125.38"," 125.38"," 0.00","Credit Card","","Miguel Hidalgo, Mexico","19.405","-99.178","Expense","3","false","false","hotel-false-3e1b660a6d0b1877c3dd4a16fbb5cb5c","hotel","#DB4437","credit_card-73a61696f100b3858511e212a3feea6b","credit_card","#FFB300","2qZZepJQcJZ9kN0wUZh8xKeSaFx1","","[{'share':92570,'shareInHomeCurrency':125380,'forTravelerId':'2qZZepJQcJZ9kN0wUZh8xKeSaFx1'},{'share':92560,'shareInHomeCurrency':125380,'forTravelerId':'jAoT6CIQr2Nvpcx7t7d0KhKGmlk2'}]"
"68.00"," 27.25","Drinks","2.495","Peru","PE","2026-03-05","CAD","PEN","Vm*la Terraza","kristianallin","kristianallin,egal"," 13.63"," 13.62"," 0.00","Credit Card","","","","","Expense","1","false","false","local_bar-false-0c96179df5834759b90ee5cb3834a365","local_bar","#673AB7","credit_card-73a61696f100b3858511e212a3feea6b","credit_card","#FFB300","2qZZepJQcJZ9kN0wUZh8xKeSaFx1","","[{'share':34000,'shareInHomeCurrency':13630,'forTravelerId':'2qZZepJQcJZ9kN0wUZh8xKeSaFx1'},{'share':34000,'shareInHomeCurrency':13620,'forTravelerId':'jAoT6CIQr2Nvpcx7t7d0KhKGmlk2'}]"
"9.50"," 3.86","Restaurants","2.461","Peru","PE","2026-03-05","CAD","PEN","Mc Donalds Aq3","kristianallin","kristianallin"," 3.86"," 0.00"," 0.00","Credit Card","","","","","Expense","1","false","false","restaurant-false-386c1f850fbd5f478fb4ef8a134c1740","restaurant","#009688","credit_card-73a61696f100b3858511e212a3feea6b","credit_card","#FFB300","2qZZepJQcJZ9kN0wUZh8xKeSaFx1","","[{'share':9500,'shareInHomeCurrency':3860,'forTravelerId':'2qZZepJQcJZ9kN0wUZh8xKeSaFx1'}]"
"41.00"," 16.66","General","2.461","Peru","PE","2026-03-05","CAD","PEN","Haircut","kristianallin","kristianallin"," 16.66"," 0.00"," 0.00","Credit Card","","","","","Expense","1","false","false","more-false-0db377921f4ce762c62526131097968f","more","#FFB300","credit_card-73a61696f100b3858511e212a3feea6b","credit_card","#FFB300","2qZZepJQcJZ9kN0wUZh8xKeSaFx1","","[{'share':41000,'shareInHomeCurrency':16660,'forTravelerId':'2qZZepJQcJZ9kN0wUZh8xKeSaFx1'}]"
"142.50"," 57.90","Restaurants","2.461","Peru","PE","2026-03-05","CAD","PEN","Openpay*victoria Picanare","kristianallin","kristianallin,egal"," 28.95"," 28.95"," 0.00","Credit Card","","","","","Expense","1","false","false","restaurant-false-386c1f850fbd5f478fb4ef8a134c1740","restaurant","#009688","credit_card-73a61696f100b3858511e212a3feea6b","credit_card","#FFB300","2qZZepJQcJZ9kN0wUZh8xKeSaFx1","","[{'share':71250,'shareInHomeCurrency':28950,'forTravelerId':'2qZZepJQcJZ9kN0wUZh8xKeSaFx1'},{'share':71250,'shareInHomeCurrency':28950,'forTravelerId':'jAoT6CIQr2Nvpcx7t7d0KhKGmlk2'}]"
"3.10"," 1.26","Transportation","2.461","Peru","PE","2026-03-05","CAD","PEN","Toll","kristianallin","kristianallin,egal,susannaallin04"," 0.42"," 0.42"," 0.42","Cash","","","","","Expense","1","false","false","train-false-a600971fdd23ea1f5685d7ee01d5f5c3","train","#EF6C00","payments-069b30db06d047a398f9eb0940d3279c","payments","#039BE5","2qZZepJQcJZ9kN0wUZh8xKeSaFx1","","[{'share':1030,'shareInHomeCurrency':420,'forTravelerId':'2qZZepJQcJZ9kN0wUZh8xKeSaFx1'},{'share':1030,'shareInHomeCurrency':420,'forTravelerId':'jAoT6CIQr2Nvpcx7t7d0KhKGmlk2'},{'share':1040,'shareInHomeCurrency':420,'forTravelerId':'SqiNxB2uqaP1NQrZohpuJTCEi5x2'}]"
"133.00"," 54.04","Accommodation","2.461","Peru","PE","2026-03-05","CAD","PEN","IZI* Andari Hoteles","kristianallin","kristianallin,egal"," 27.02"," 27.02"," 0.00","Credit Card","","","","","Expense","1","false","false","hotel-false-3e1b660a6d0b1877c3dd4a16fbb5cb5c","hotel","#DB4437","credit_card-73a61696f100b3858511e212a3feea6b","credit_card","#FFB300","2qZZepJQcJZ9kN0wUZh8xKeSaFx1","","[{'share':66500,'shareInHomeCurrency':27020,'forTravelerId':'2qZZepJQcJZ9kN0wUZh8xKeSaFx1'},{'share':66500,'shareInHomeCurrency':27020,'forTravelerId':'jAoT6CIQr2Nvpcx7t7d0KhKGmlk2'}]"
"120.00"," 47.85","Gas","2.508","Peru","PE","2026-03-05","CAD","PEN","Gas","kristianallin","kristianallin,egal,susannaallin04"," 15.95"," 15.95"," 15.95","Cash","","Arequipa, Peru","-15.639","-71.602","Expense","1","false","false","ev_station-false-635459702f9817de29e608fa3395637c","ev_station","#6D4C41","payments-069b30db06d047a398f9eb0940d3279c","payments","#039BE5","2qZZepJQcJZ9kN0wUZh8xKeSaFx1","","[{'share':40000,'shareInHomeCurrency':15950,'forTravelerId':'2qZZepJQcJZ9kN0wUZh8xKeSaFx1'},{'share':40000,'shareInHomeCurrency':15950,'forTravelerId':'jAoT6CIQr2Nvpcx7t7d0KhKGmlk2'},{'share':40000,'shareInHomeCurrency':15950,'forTravelerId':'SqiNxB2uqaP1NQrZohpuJTCEi5x2'}]"
"210.00"," 83.18","Activities","2.525","Peru","PE","2026-03-04","CAD","PEN","Colca ticket","kristianallin","kristianallin,egal,susannaallin04"," 27.73"," 27.73"," 27.72","Credit Card","","Puno, Peru","-15.841","-70.028","Expense","1","false","false","rowing-false-d78ed35383108fb6c04c16d0a11b20fe","rowing","#E91E63","credit_card-73a61696f100b3858511e212a3feea6b","credit_card","#FFB300","2qZZepJQcJZ9kN0wUZh8xKeSaFx1","","[{'share':70000,'shareInHomeCurrency':27730,'forTravelerId':'2qZZepJQcJZ9kN0wUZh8xKeSaFx1'},{'share':70000,'shareInHomeCurrency':27730,'forTravelerId':'jAoT6CIQr2Nvpcx7t7d0KhKGmlk2'},{'share':70000,'shareInHomeCurrency':27720,'forTravelerId':'SqiNxB2uqaP1NQrZohpuJTCEi5x2'}]"
"12.00"," 4.88","Groceries","2.461","Peru","PE","2026-03-03","CAD","PEN","Water","kristianallin","kristianallin,egal,susannaallin04"," 1.63"," 1.63"," 1.62","Cash","","","","","Expense","1","false","false","shopping_cart-false-7c3765bf72361083d820071fb21308a9","shopping_cart","#039BE5","payments-069b30db06d047a398f9eb0940d3279c","payments","#039BE5","2qZZepJQcJZ9kN0wUZh8xKeSaFx1","","[{'share':4000,'shareInHomeCurrency':1630,'forTravelerId':'2qZZepJQcJZ9kN0wUZh8xKeSaFx1'},{'share':4000,'shareInHomeCurrency':1630,'forTravelerId':'jAoT6CIQr2Nvpcx7t7d0KhKGmlk2'},{'share':4000,'shareInHomeCurrency':1620,'forTravelerId':'SqiNxB2uqaP1NQrZohpuJTCEi5x2'}]"
"11.00"," 4.47","Drinks","2.461","Peru","PE","2026-03-03","CAD","PEN","Drinks","kristianallin","kristianallin,egal,susannaallin04"," 1.49"," 1.49"," 1.49","Cash","","","","","Expense","1","false","false","local_bar-false-0c96179df5834759b90ee5cb3834a365","local_bar","#673AB7","payments-069b30db06d047a398f9eb0940d3279c","payments","#039BE5","2qZZepJQcJZ9kN0wUZh8xKeSaFx1","","[{'share':3670,'shareInHomeCurrency':1490,'forTravelerId':'2qZZepJQcJZ9kN0wUZh8xKeSaFx1'},{'share':3670,'shareInHomeCurrency':1490,'forTravelerId':'jAoT6CIQr2Nvpcx7t7d0KhKGmlk2'},{'share':3660,'shareInHomeCurrency':1490,'forTravelerId':'SqiNxB2uqaP1NQrZohpuJTCEi5x2'}]"
"36.00"," 14.63","Restaurants","2.461","Peru","PE","2026-03-03","CAD","PEN","Yanque lunch","kristianallin","kristianallin,egal,susannaallin04"," 4.88"," 4.88"," 4.87","Cash","","","","","Expense","1","false","false","restaurant-false-386c1f850fbd5f478fb4ef8a134c1740","restaurant","#009688","payments-069b30db06d047a398f9eb0940d3279c","payments","#039BE5","2qZZepJQcJZ9kN0wUZh8xKeSaFx1","","[{'share':12000,'shareInHomeCurrency':4880,'forTravelerId':'2qZZepJQcJZ9kN0wUZh8xKeSaFx1'},{'share':12000,'shareInHomeCurrency':4880,'forTravelerId':'jAoT6CIQr2Nvpcx7t7d0KhKGmlk2'},{'share':12000,'shareInHomeCurrency':4870,'forTravelerId':'SqiNxB2uqaP1NQrZohpuJTCEi5x2'}]"
"900.00"," 365.67","Accommodation","2.461","Peru","PE","2026-03-02","CAD","PEN","Cabanaconde hotel","kristianallin","kristianallin,egal,susannaallin04"," 121.89"," 121.89"," 121.89","Credit Card","","Arequipa, Peru","-15.62","-71.98","Expense","3","false","false","hotel-false-3e1b660a6d0b1877c3dd4a16fbb5cb5c","hotel","#DB4437","credit_card-73a61696f100b3858511e212a3feea6b","credit_card","#FFB300","2qZZepJQcJZ9kN0wUZh8xKeSaFx1","","[{'share':300000,'shareInHomeCurrency':121890,'forTravelerId':'2qZZepJQcJZ9kN0wUZh8xKeSaFx1'},{'share':300000,'shareInHomeCurrency':121890,'forTravelerId':'jAoT6CIQr2Nvpcx7t7d0KhKGmlk2'},{'share':300000,'shareInHomeCurrency':121890,'forTravelerId':'SqiNxB2uqaP1NQrZohpuJTCEi5x2'}]"
"20.00"," 8.13","Groceries","2.459","Peru","PE","2026-03-02","CAD","PEN","Supplies","kristianallin","kristianallin,egal,susannaallin04"," 2.71"," 2.71"," 2.71","Cash","","","","","Expense","1","false","false","shopping_cart-false-7c3765bf72361083d820071fb21308a9","shopping_cart","#039BE5","payments-069b30db06d047a398f9eb0940d3279c","payments","#039BE5","2qZZepJQcJZ9kN0wUZh8xKeSaFx1","","[{'share':6670,'shareInHomeCurrency':2710,'forTravelerId':'2qZZepJQcJZ9kN0wUZh8xKeSaFx1'},{'share':6670,'shareInHomeCurrency':2710,'forTravelerId':'jAoT6CIQr2Nvpcx7t7d0KhKGmlk2'},{'share':6660,'shareInHomeCurrency':2710,'forTravelerId':'SqiNxB2uqaP1NQrZohpuJTCEi5x2'}]"
"140.00"," 56.93","Restaurants","2.459","Peru","PE","2026-03-02","CAD","PEN","Chivay lunch","kristianallin","kristianallin,egal,susannaallin04"," 18.98"," 18.98"," 18.97","Cash","","","","","Expense","1","false","false","restaurant-false-386c1f850fbd5f478fb4ef8a134c1740","restaurant","#009688","payments-069b30db06d047a398f9eb0940d3279c","payments","#039BE5","2qZZepJQcJZ9kN0wUZh8xKeSaFx1","","[{'share':46670,'shareInHomeCurrency':18980,'forTravelerId':'2qZZepJQcJZ9kN0wUZh8xKeSaFx1'},{'share':46670,'shareInHomeCurrency':18980,'forTravelerId':'jAoT6CIQr2Nvpcx7t7d0KhKGmlk2'},{'share':46660,'shareInHomeCurrency':18970,'forTravelerId':'SqiNxB2uqaP1NQrZohpuJTCEi5x2'}]"
"70.00"," 28.46","Gas","2.459","Peru","PE","2026-03-02","CAD","PEN","Gas","kristianallin","kristianallin,egal,susannaallin04"," 9.49"," 9.49"," 9.48","Cash","","","","","Expense","1","false","false","ev_station-false-635459702f9817de29e608fa3395637c","ev_station","#6D4C41","payments-069b30db06d047a398f9eb0940d3279c","payments","#039BE5","2qZZepJQcJZ9kN0wUZh8xKeSaFx1","","[{'share':23330,'shareInHomeCurrency':9490,'forTravelerId':'2qZZepJQcJZ9kN0wUZh8xKeSaFx1'},{'share':23330,'shareInHomeCurrency':9490,'forTravelerId':'jAoT6CIQr2Nvpcx7t7d0KhKGmlk2'},{'share':23340,'shareInHomeCurrency':9480,'forTravelerId':'SqiNxB2uqaP1NQrZohpuJTCEi5x2'}]"
"79.22"," 32.19","Gas","2.461","Peru","PE","2026-03-02","CAD","PEN","E S Umacoyo","kristianallin","kristianallin,egal,susannaallin04"," 10.73"," 10.73"," 10.73","Credit Card","","","","","Expense","1","false","false","ev_station-false-635459702f9817de29e608fa3395637c","ev_station","#6D4C41","credit_card-73a61696f100b3858511e212a3feea6b","credit_card","#FFB300","2qZZepJQcJZ9kN0wUZh8xKeSaFx1","","[{'share':26410,'shareInHomeCurrency':10730,'forTravelerId':'2qZZepJQcJZ9kN0wUZh8xKeSaFx1'},{'share':26410,'shareInHomeCurrency':10730,'forTravelerId':'jAoT6CIQr2Nvpcx7t7d0KhKGmlk2'},{'share':26400,'shareInHomeCurrency':10730,'forTravelerId':'SqiNxB2uqaP1NQrZohpuJTCEi5x2'}]"
"61.00"," 24.85","Drinks","2.455","Peru","PE","2026-03-01","CAD","PEN","Sunset drinks","egal","kristianallin,egal"," 12.43"," 12.42"," 0.00","Credit Card","","Arequipa, Peru","-16.398","-71.538","Expense","1","false","false","local_bar-false-0c96179df5834759b90ee5cb3834a365","local_bar","#673AB7","credit_card-73a61696f100b3858511e212a3feea6b","credit_card","#FFB300","jAoT6CIQr2Nvpcx7t7d0KhKGmlk2","","[{'share':30500,'shareInHomeCurrency':12430,'forTravelerId':'2qZZepJQcJZ9kN0wUZh8xKeSaFx1'},{'share':30500,'shareInHomeCurrency':12420,'forTravelerId':'jAoT6CIQr2Nvpcx7t7d0KhKGmlk2'}]"
"100.00"," 40.73","Activities","2.455","Peru","PE","2026-03-01","CAD","PEN","Walking tour","kristianallin","kristianallin,egal,susannaallin04"," 13.58"," 13.58"," 13.57","Cash","","","","","Expense","1","false","false","rowing-false-d78ed35383108fb6c04c16d0a11b20fe","rowing","#E91E63","payments-069b30db06d047a398f9eb0940d3279c","payments","#039BE5","2qZZepJQcJZ9kN0wUZh8xKeSaFx1","","[{'share':33330,'shareInHomeCurrency':13580,'forTravelerId':'2qZZepJQcJZ9kN0wUZh8xKeSaFx1'},{'share':33330,'shareInHomeCurrency':13580,'forTravelerId':'jAoT6CIQr2Nvpcx7t7d0KhKGmlk2'},{'share':33340,'shareInHomeCurrency':13570,'forTravelerId':'SqiNxB2uqaP1NQrZohpuJTCEi5x2'}]"
"145.00"," 59.06","Restaurants","2.455","Peru","PE","2026-03-01","CAD","PEN","IZI* Seoul","kristianallin","kristianallin,egal,susannaallin04"," 19.69"," 19.69"," 19.68","Credit Card","","","","","Expense","1","false","false","restaurant-false-386c1f850fbd5f478fb4ef8a134c1740","restaurant","#009688","credit_card-73a61696f100b3858511e212a3feea6b","credit_card","#FFB300","2qZZepJQcJZ9kN0wUZh8xKeSaFx1","","[{'share':48330,'shareInHomeCurrency':19690,'forTravelerId':'2qZZepJQcJZ9kN0wUZh8xKeSaFx1'},{'share':48330,'shareInHomeCurrency':19690,'forTravelerId':'jAoT6CIQr2Nvpcx7t7d0KhKGmlk2'},{'share':48340,'shareInHomeCurrency':19680,'forTravelerId':'SqiNxB2uqaP1NQrZohpuJTCEi5x2'}]"
"22.10"," 9.00","Transportation","2.455","Peru","PE","2026-03-01","CAD","PEN","Uber to sixt","kristianallin","kristianallin,egal,susannaallin04"," 3.00"," 3.00"," 3.00","Credit Card","","","","","Expense","1","false","false","train-false-a600971fdd23ea1f5685d7ee01d5f5c3","train","#EF6C00","credit_card-73a61696f100b3858511e212a3feea6b","credit_card","#FFB300","2qZZepJQcJZ9kN0wUZh8xKeSaFx1","","[{'share':7370,'shareInHomeCurrency':3000,'forTravelerId':'2qZZepJQcJZ9kN0wUZh8xKeSaFx1'},{'share':7370,'shareInHomeCurrency':3000,'forTravelerId':'jAoT6CIQr2Nvpcx7t7d0KhKGmlk2'},{'share':7360,'shareInHomeCurrency':3000,'forTravelerId':'SqiNxB2uqaP1NQrZohpuJTCEi5x2'}]"
"30.00"," 12.22","Transportation","2.455","Peru","PE","2026-03-01","CAD","PEN","Parking","kristianallin","kristianallin,egal,susannaallin04"," 4.07"," 4.07"," 4.08","Cash","","","","","Expense","1","false","false","train-false-a600971fdd23ea1f5685d7ee01d5f5c3","train","#EF6C00","payments-069b30db06d047a398f9eb0940d3279c","payments","#039BE5","2qZZepJQcJZ9kN0wUZh8xKeSaFx1","","[{'share':10000,'shareInHomeCurrency':4070,'forTravelerId':'2qZZepJQcJZ9kN0wUZh8xKeSaFx1'},{'share':10000,'shareInHomeCurrency':4070,'forTravelerId':'jAoT6CIQr2Nvpcx7t7d0KhKGmlk2'},{'share':10000,'shareInHomeCurrency':4080,'forTravelerId':'SqiNxB2uqaP1NQrZohpuJTCEi5x2'}]"
"6.00"," 2.44","Groceries","2.455","Peru","PE","2026-03-01","CAD","PEN","Water","kristianallin","kristianallin,egal,susannaallin04"," 0.81"," 0.81"," 0.82","Cash","","","","","Expense","1","false","false","shopping_cart-false-7c3765bf72361083d820071fb21308a9","shopping_cart","#039BE5","payments-069b30db06d047a398f9eb0940d3279c","payments","#039BE5","2qZZepJQcJZ9kN0wUZh8xKeSaFx1","","[{'share':2000,'shareInHomeCurrency':810,'forTravelerId':'2qZZepJQcJZ9kN0wUZh8xKeSaFx1'},{'share':2000,'shareInHomeCurrency':810,'forTravelerId':'jAoT6CIQr2Nvpcx7t7d0KhKGmlk2'},{'share':2000,'shareInHomeCurrency':820,'forTravelerId':'SqiNxB2uqaP1NQrZohpuJTCEi5x2'}]"
"24.00"," 9.78","Activities","2.455","Peru","PE","2026-03-01","CAD","PEN","Culebrillas entry","kristianallin","kristianallin,egal,susannaallin04"," 3.26"," 3.26"," 3.26","Cash","","","","","Expense","1","false","false","rowing-false-d78ed35383108fb6c04c16d0a11b20fe","rowing","#E91E63","payments-069b30db06d047a398f9eb0940d3279c","payments","#039BE5","2qZZepJQcJZ9kN0wUZh8xKeSaFx1","","[{'share':8000,'shareInHomeCurrency':3260,'forTravelerId':'2qZZepJQcJZ9kN0wUZh8xKeSaFx1'},{'share':8000,'shareInHomeCurrency':3260,'forTravelerId':'jAoT6CIQr2Nvpcx7t7d0KhKGmlk2'},{'share':8000,'shareInHomeCurrency':3260,'forTravelerId':'SqiNxB2uqaP1NQrZohpuJTCEi5x2'}]"
" 285.00"," 285.00","Transportation","1","Peru","PE","2026-03-01","CAD","CAD","Rental car","kristianallin","kristianallin,egal,susannaallin04"," 95.00"," 95.00"," 95.00","Credit Card","","Miguel Hidalgo, Mexico","19.405","-99.178","Expense","5","false","false","train-false-a600971fdd23ea1f5685d7ee01d5f5c3","train","#EF6C00","credit_card-73a61696f100b3858511e212a3feea6b","credit_card","#FFB300","2qZZepJQcJZ9kN0wUZh8xKeSaFx1","","[{'share':95000,'shareInHomeCurrency':95000,'forTravelerId':'2qZZepJQcJZ9kN0wUZh8xKeSaFx1'},{'share':95000,'shareInHomeCurrency':95000,'forTravelerId':'jAoT6CIQr2Nvpcx7t7d0KhKGmlk2'},{'share':95000,'shareInHomeCurrency':95000,'forTravelerId':'SqiNxB2uqaP1NQrZohpuJTCEi5x2'}]"
"10.00"," 4.07","Restaurants","2.455","Peru","PE","2026-02-28","CAD","PEN","Extra tip","susannaallin04","kristianallin,egal,susannaallin04"," 1.36"," 1.36"," 1.35","Cash","","Arequipa, Peru","-16.399","-71.539","Expense","1","false","false","restaurant-false-386c1f850fbd5f478fb4ef8a134c1740","restaurant","#009688","payments-069b30db06d047a398f9eb0940d3279c","payments","#039BE5","SqiNxB2uqaP1NQrZohpuJTCEi5x2","","[{'share':3330,'shareInHomeCurrency':1360,'forTravelerId':'2qZZepJQcJZ9kN0wUZh8xKeSaFx1'},{'share':3330,'shareInHomeCurrency':1360,'forTravelerId':'jAoT6CIQr2Nvpcx7t7d0KhKGmlk2'},{'share':3340,'shareInHomeCurrency':1350,'forTravelerId':'SqiNxB2uqaP1NQrZohpuJTCEi5x2'}]"
"15.00"," 6.11","Groceries","2.455","Peru","PE","2026-02-28","CAD","PEN","Beverages","susannaallin04","kristianallin,egal,susannaallin04"," 2.04"," 2.04"," 2.03","Cash","","Arequipa, Peru","-16.399","-71.539","Expense","1","false","false","shopping_cart-false-7c3765bf72361083d820071fb21308a9","shopping_cart","#039BE5","payments-069b30db06d047a398f9eb0940d3279c","payments","#039BE5","SqiNxB2uqaP1NQrZohpuJTCEi5x2","","[{'share':5000,'shareInHomeCurrency':2040,'forTravelerId':'2qZZepJQcJZ9kN0wUZh8xKeSaFx1'},{'share':5000,'shareInHomeCurrency':2040,'forTravelerId':'jAoT6CIQr2Nvpcx7t7d0KhKGmlk2'},{'share':5000,'shareInHomeCurrency':2030,'forTravelerId':'SqiNxB2uqaP1NQrZohpuJTCEi5x2'}]"
"160.00"," 65.17","Restaurants","2.455","Peru","PE","2026-02-28","CAD","PEN","IZI* Mumis Sac","kristianallin","kristianallin,egal,susannaallin04"," 21.72"," 21.72"," 21.73","Credit Card","","","","","Expense","1","false","false","restaurant-false-386c1f850fbd5f478fb4ef8a134c1740","restaurant","#009688","credit_card-73a61696f100b3858511e212a3feea6b","credit_card","#FFB300","2qZZepJQcJZ9kN0wUZh8xKeSaFx1","","[{'share':53330,'shareInHomeCurrency':21720,'forTravelerId':'2qZZepJQcJZ9kN0wUZh8xKeSaFx1'},{'share':53330,'shareInHomeCurrency':21720,'forTravelerId':'jAoT6CIQr2Nvpcx7t7d0KhKGmlk2'},{'share':53340,'shareInHomeCurrency':21730,'forTravelerId':'SqiNxB2uqaP1NQrZohpuJTCEi5x2'}]"
"64.90"," 26.44","Shopping","2.455","Peru","PE","2026-02-28","CAD","PEN","Coolbox K20","kristianallin","kristianallin"," 26.44"," 0.00"," 0.00","Credit Card","","","","","Expense","1","false","false","local_mall-false-fed561a86e066be5a26232626c4867a2","local_mall","#0F9D58","credit_card-73a61696f100b3858511e212a3feea6b","credit_card","#FFB300","2qZZepJQcJZ9kN0wUZh8xKeSaFx1","","[{'share':64900,'shareInHomeCurrency':26440,'forTravelerId':'2qZZepJQcJZ9kN0wUZh8xKeSaFx1'}]"
"464.51"," 189.21","Accommodation","2.455","Peru","PE","2026-02-28","CAD","PEN","Estancia El Solar Sac","kristianallin","kristianallin,egal,susannaallin04"," 63.07"," 63.07"," 63.07","Credit Card","","","","","Expense","2","false","false","hotel-false-3e1b660a6d0b1877c3dd4a16fbb5cb5c","hotel","#DB4437","credit_card-73a61696f100b3858511e212a3feea6b","credit_card","#FFB300","2qZZepJQcJZ9kN0wUZh8xKeSaFx1","","[{'share':154840,'shareInHomeCurrency':63070,'forTravelerId':'2qZZepJQcJZ9kN0wUZh8xKeSaFx1'},{'share':154840,'shareInHomeCurrency':63070,'forTravelerId':'jAoT6CIQr2Nvpcx7t7d0KhKGmlk2'},{'share':154830,'shareInHomeCurrency':63070,'forTravelerId':'SqiNxB2uqaP1NQrZohpuJTCEi5x2'}]"
"24.00"," 9.78","Transportation","2.455","Peru","PE","2026-02-28","CAD","PEN","Uber to hotel","kristianallin","kristianallin,egal,susannaallin04"," 3.26"," 3.26"," 3.26","Credit Card","","","","","Expense","1","false","false","train-false-a600971fdd23ea1f5685d7ee01d5f5c3","train","#EF6C00","credit_card-73a61696f100b3858511e212a3feea6b","credit_card","#FFB300","2qZZepJQcJZ9kN0wUZh8xKeSaFx1","","[{'share':8000,'shareInHomeCurrency':3260,'forTravelerId':'2qZZepJQcJZ9kN0wUZh8xKeSaFx1'},{'share':8000,'shareInHomeCurrency':3260,'forTravelerId':'jAoT6CIQr2Nvpcx7t7d0KhKGmlk2'},{'share':8000,'shareInHomeCurrency':3260,'forTravelerId':'SqiNxB2uqaP1NQrZohpuJTCEi5x2'}]"
"8.90"," 3.63","Groceries","2.455","Peru","PE","2026-02-28","CAD","PEN","Rumbo Peru - airport water","kristianallin","kristianallin,egal,susannaallin04"," 1.21"," 1.21"," 1.21","Credit Card","","","","","Expense","1","false","false","shopping_cart-false-7c3765bf72361083d820071fb21308a9","shopping_cart","#039BE5","credit_card-73a61696f100b3858511e212a3feea6b","credit_card","#FFB300","2qZZepJQcJZ9kN0wUZh8xKeSaFx1","","[{'share':2970,'shareInHomeCurrency':1210,'forTravelerId':'2qZZepJQcJZ9kN0wUZh8xKeSaFx1'},{'share':2970,'shareInHomeCurrency':1210,'forTravelerId':'jAoT6CIQr2Nvpcx7t7d0KhKGmlk2'},{'share':2960,'shareInHomeCurrency':1210,'forTravelerId':'SqiNxB2uqaP1NQrZohpuJTCEi5x2'}]"
"22.30"," 9.08","Transportation","2.455","Peru","PE","2026-02-28","CAD","PEN","Uber to airport","kristianallin","kristianallin,egal,susannaallin04"," 3.03"," 3.03"," 3.02","Credit Card","","","","","Expense","1","false","false","train-false-a600971fdd23ea1f5685d7ee01d5f5c3","train","#EF6C00","credit_card-73a61696f100b3858511e212a3feea6b","credit_card","#FFB300","2qZZepJQcJZ9kN0wUZh8xKeSaFx1","","[{'share':7430,'shareInHomeCurrency':3030,'forTravelerId':'2qZZepJQcJZ9kN0wUZh8xKeSaFx1'},{'share':7430,'shareInHomeCurrency':3030,'forTravelerId':'jAoT6CIQr2Nvpcx7t7d0KhKGmlk2'},{'share':7440,'shareInHomeCurrency':3020,'forTravelerId':'SqiNxB2uqaP1NQrZohpuJTCEi5x2'}]"
"65.00"," 26.48","Restaurants","2.455","Peru","PE","2026-02-28","CAD","PEN","Oakberry","kristianallin","kristianallin,egal,susannaallin04"," 8.83"," 8.83"," 8.82","Credit Card","","","","","Expense","1","false","false","restaurant-false-386c1f850fbd5f478fb4ef8a134c1740","restaurant","#009688","credit_card-73a61696f100b3858511e212a3feea6b","credit_card","#FFB300","2qZZepJQcJZ9kN0wUZh8xKeSaFx1","","[{'share':21670,'shareInHomeCurrency':8830,'forTravelerId':'2qZZepJQcJZ9kN0wUZh8xKeSaFx1'},{'share':21670,'shareInHomeCurrency':8830,'forTravelerId':'jAoT6CIQr2Nvpcx7t7d0KhKGmlk2'},{'share':21660,'shareInHomeCurrency':8820,'forTravelerId':'SqiNxB2uqaP1NQrZohpuJTCEi5x2'}]"
" 10.00"," 13.64","Transportation","0.733","Peru","PE","2026-02-28","CAD","USD","Taxi to Cusco pt2","kristianallin","kristianallin,egal,susannaallin04"," 4.55"," 4.55"," 4.54","Cash","","Cuzco, Peru","-13.457","-72.163","Expense","1","false","false","train-false-a600971fdd23ea1f5685d7ee01d5f5c3","train","#EF6C00","payments-069b30db06d047a398f9eb0940d3279c","payments","#039BE5","2qZZepJQcJZ9kN0wUZh8xKeSaFx1","","[{'share':3330,'shareInHomeCurrency':4550,'forTravelerId':'2qZZepJQcJZ9kN0wUZh8xKeSaFx1'},{'share':3330,'shareInHomeCurrency':4550,'forTravelerId':'jAoT6CIQr2Nvpcx7t7d0KhKGmlk2'},{'share':3340,'shareInHomeCurrency':4540,'forTravelerId':'SqiNxB2uqaP1NQrZohpuJTCEi5x2'}]"
"60.00"," 24.44","Transportation","2.455","Peru","PE","2026-02-28","CAD","PEN","Taxi to Cusco pt1","kristianallin","kristianallin,egal,susannaallin04"," 8.15"," 8.15"," 8.14","Cash","","Cuzco, Peru","-13.457","-72.163","Expense","1","false","false","train-false-a600971fdd23ea1f5685d7ee01d5f5c3","train","#EF6C00","payments-069b30db06d047a398f9eb0940d3279c","payments","#039BE5","2qZZepJQcJZ9kN0wUZh8xKeSaFx1","","[{'share':20000,'shareInHomeCurrency':8150,'forTravelerId':'2qZZepJQcJZ9kN0wUZh8xKeSaFx1'},{'share':20000,'shareInHomeCurrency':8150,'forTravelerId':'jAoT6CIQr2Nvpcx7t7d0KhKGmlk2'},{'share':20000,'shareInHomeCurrency':8140,'forTravelerId':'SqiNxB2uqaP1NQrZohpuJTCEi5x2'}]"
"184.00"," 74.98","Restaurants","2.454","Peru","PE","2026-02-27","CAD","PEN","Chullpi Restaurant","kristianallin","kristianallin,egal,susannaallin04"," 24.99"," 24.99"," 25.00","Credit Card","","","","","Expense","1","false","false","restaurant-false-386c1f850fbd5f478fb4ef8a134c1740","restaurant","#009688","credit_card-73a61696f100b3858511e212a3feea6b","credit_card","#FFB300","2qZZepJQcJZ9kN0wUZh8xKeSaFx1","","[{'share':61330,'shareInHomeCurrency':24990,'forTravelerId':'2qZZepJQcJZ9kN0wUZh8xKeSaFx1'},{'share':61330,'shareInHomeCurrency':24990,'forTravelerId':'jAoT6CIQr2Nvpcx7t7d0KhKGmlk2'},{'share':61340,'shareInHomeCurrency':25000,'forTravelerId':'SqiNxB2uqaP1NQrZohpuJTCEi5x2'}]"
" 35.88"," 49.07","Accommodation","0.731","Peru","PE","2026-02-27","CAD","USD","Openpay*hotel El Chasquru","kristianallin","kristianallin,egal,susannaallin04"," 16.36"," 16.36"," 16.35","Credit Card","","","","","Expense","1","false","false","hotel-false-3e1b660a6d0b1877c3dd4a16fbb5cb5c","hotel","#DB4437","credit_card-73a61696f100b3858511e212a3feea6b","credit_card","#FFB300","2qZZepJQcJZ9kN0wUZh8xKeSaFx1","","[{'share':11960,'shareInHomeCurrency':16360,'forTravelerId':'2qZZepJQcJZ9kN0wUZh8xKeSaFx1'},{'share':11960,'shareInHomeCurrency':16360,'forTravelerId':'jAoT6CIQr2Nvpcx7t7d0KhKGmlk2'},{'share':11960,'shareInHomeCurrency':16350,'forTravelerId':'SqiNxB2uqaP1NQrZohpuJTCEi5x2'}]"
"65.00"," 26.49","Coffee","2.454","Peru","PE","2026-02-27","CAD","PEN","Cafe","kristianallin","kristianallin,egal,susannaallin04"," 8.83"," 8.83"," 8.83","Cash","","","","","Expense","1","false","false","local_cafe-false-3c09b8d09553786b799e02306e55c7ba","local_cafe","#795548","payments-069b30db06d047a398f9eb0940d3279c","payments","#039BE5","2qZZepJQcJZ9kN0wUZh8xKeSaFx1","","[{'share':21670,'shareInHomeCurrency':8830,'forTravelerId':'2qZZepJQcJZ9kN0wUZh8xKeSaFx1'},{'share':21670,'shareInHomeCurrency':8830,'forTravelerId':'jAoT6CIQr2Nvpcx7t7d0KhKGmlk2'},{'share':21660,'shareInHomeCurrency':8830,'forTravelerId':'SqiNxB2uqaP1NQrZohpuJTCEi5x2'}]"
"50.00"," 20.37","Shopping","2.454","Peru","PE","2026-02-27","CAD","PEN","IZI* Artesania Chambas","kristianallin","kristianallin,egal,susannaallin04"," 6.79"," 6.79"," 6.79","Credit Card","","","","","Expense","1","false","false","local_mall-false-fed561a86e066be5a26232626c4867a2","local_mall","#0F9D58","credit_card-73a61696f100b3858511e212a3feea6b","credit_card","#FFB300","2qZZepJQcJZ9kN0wUZh8xKeSaFx1","","[{'share':16670,'shareInHomeCurrency':6790,'forTravelerId':'2qZZepJQcJZ9kN0wUZh8xKeSaFx1'},{'share':16670,'shareInHomeCurrency':6790,'forTravelerId':'jAoT6CIQr2Nvpcx7t7d0KhKGmlk2'},{'share':16660,'shareInHomeCurrency':6790,'forTravelerId':'SqiNxB2uqaP1NQrZohpuJTCEi5x2'}]"
"226.17"," 92.16","Restaurants","2.454","Peru","PE","2026-02-27","CAD","PEN","Mapacho Craft Beer Rest","kristianallin","kristianallin,egal,susannaallin04"," 30.72"," 30.72"," 30.72","Credit Card","","","","","Expense","1","false","false","restaurant-false-386c1f850fbd5f478fb4ef8a134c1740","restaurant","#009688","credit_card-73a61696f100b3858511e212a3feea6b","credit_card","#FFB300","2qZZepJQcJZ9kN0wUZh8xKeSaFx1","","[{'share':75390,'shareInHomeCurrency':30720,'forTravelerId':'2qZZepJQcJZ9kN0wUZh8xKeSaFx1'},{'share':75390,'shareInHomeCurrency':30720,'forTravelerId':'jAoT6CIQr2Nvpcx7t7d0KhKGmlk2'},{'share':75390,'shareInHomeCurrency':30720,'forTravelerId':'SqiNxB2uqaP1NQrZohpuJTCEi5x2'}]"
"300.00"," 122.24","Activities","2.454","Peru","PE","2026-02-27","CAD","PEN","Tour guide Machu Picchu","kristianallin","kristianallin,egal,susannaallin04"," 40.75"," 40.75"," 40.74","Cash","","","","","Expense","1","false","false","rowing-false-d78ed35383108fb6c04c16d0a11b20fe","rowing","#E91E63","payments-069b30db06d047a398f9eb0940d3279c","payments","#039BE5","2qZZepJQcJZ9kN0wUZh8xKeSaFx1","","[{'share':100000,'shareInHomeCurrency':40750,'forTravelerId':'2qZZepJQcJZ9kN0wUZh8xKeSaFx1'},{'share':100000,'shareInHomeCurrency':40750,'forTravelerId':'jAoT6CIQr2Nvpcx7t7d0KhKGmlk2'},{'share':100000,'shareInHomeCurrency':40740,'forTravelerId':'SqiNxB2uqaP1NQrZohpuJTCEi5x2'}]"
"478.44"," 197.00","Activities","2.429","Peru","PE","2026-02-27","CAD","PEN","Machu Picchu entrance","kristianallin","kristianallin,egal,susannaallin04"," 65.67"," 65.67"," 65.66","Credit Card","","","","","Expense","1","false","false","rowing-false-d78ed35383108fb6c04c16d0a11b20fe","rowing","#E91E63","credit_card-73a61696f100b3858511e212a3feea6b","credit_card","#FFB300","2qZZepJQcJZ9kN0wUZh8xKeSaFx1","","[{'share':159480,'shareInHomeCurrency':65670,'forTravelerId':'2qZZepJQcJZ9kN0wUZh8xKeSaFx1'},{'share':159480,'shareInHomeCurrency':65670,'forTravelerId':'jAoT6CIQr2Nvpcx7t7d0KhKGmlk2'},{'share':159480,'shareInHomeCurrency':65660,'forTravelerId':'SqiNxB2uqaP1NQrZohpuJTCEi5x2'}]"
" 72.00"," 98.46","Transportation","0.731","Peru","PE","2026-02-27","CAD","USD","Bus to Machu Picchu entrance","kristianallin","kristianallin,egal,susannaallin04"," 32.82"," 32.82"," 32.82","Credit Card","","","","","Expense","1","false","false","train-false-a600971fdd23ea1f5685d7ee01d5f5c3","train","#EF6C00","credit_card-73a61696f100b3858511e212a3feea6b","credit_card","#FFB300","2qZZepJQcJZ9kN0wUZh8xKeSaFx1","","[{'share':24000,'shareInHomeCurrency':32820,'forTravelerId':'2qZZepJQcJZ9kN0wUZh8xKeSaFx1'},{'share':24000,'shareInHomeCurrency':32820,'forTravelerId':'jAoT6CIQr2Nvpcx7t7d0KhKGmlk2'},{'share':24000,'shareInHomeCurrency':32820,'forTravelerId':'SqiNxB2uqaP1NQrZohpuJTCEi5x2'}]"
"20.00"," 8.15","Groceries","2.454","Peru","PE","2026-02-26","CAD","PEN","Water and snacks","kristianallin","kristianallin,egal,susannaallin04"," 2.72"," 2.72"," 2.71","Cash","","","","","Expense","1","false","false","shopping_cart-false-7c3765bf72361083d820071fb21308a9","shopping_cart","#039BE5","payments-069b30db06d047a398f9eb0940d3279c","payments","#039BE5","2qZZepJQcJZ9kN0wUZh8xKeSaFx1","","[{'share':6670,'shareInHomeCurrency':2720,'forTravelerId':'2qZZepJQcJZ9kN0wUZh8xKeSaFx1'},{'share':6670,'shareInHomeCurrency':2720,'forTravelerId':'jAoT6CIQr2Nvpcx7t7d0KhKGmlk2'},{'share':6660,'shareInHomeCurrency':2710,'forTravelerId':'SqiNxB2uqaP1NQrZohpuJTCEi5x2'}]"
"73.00"," 29.86","Drinks","2.445","Peru","PE","2026-02-26","CAD","PEN","IZI* Inka Tower","kristianallin","kristianallin,egal,susannaallin04"," 9.95"," 9.95"," 9.96","Credit Card","","","","","Expense","1","false","false","local_bar-false-0c96179df5834759b90ee5cb3834a365","local_bar","#673AB7","credit_card-73a61696f100b3858511e212a3feea6b","credit_card","#FFB300","2qZZepJQcJZ9kN0wUZh8xKeSaFx1","","[{'share':24330,'shareInHomeCurrency':9950,'forTravelerId':'2qZZepJQcJZ9kN0wUZh8xKeSaFx1'},{'share':24330,'shareInHomeCurrency':9950,'forTravelerId':'jAoT6CIQr2Nvpcx7t7d0KhKGmlk2'},{'share':24340,'shareInHomeCurrency':9960,'forTravelerId':'SqiNxB2uqaP1NQrZohpuJTCEi5x2'}]"
"179.00"," 73.22","Restaurants","2.445","Peru","PE","2026-02-26","CAD","PEN","IZI* Sabor Magico","kristianallin","kristianallin,egal,susannaallin04"," 24.41"," 24.41"," 24.40","Credit Card","","","","","Expense","1","false","false","restaurant-false-386c1f850fbd5f478fb4ef8a134c1740","restaurant","#009688","credit_card-73a61696f100b3858511e212a3feea6b","credit_card","#FFB300","2qZZepJQcJZ9kN0wUZh8xKeSaFx1","","[{'share':59670,'shareInHomeCurrency':24410,'forTravelerId':'2qZZepJQcJZ9kN0wUZh8xKeSaFx1'},{'share':59670,'shareInHomeCurrency':24410,'forTravelerId':'jAoT6CIQr2Nvpcx7t7d0KhKGmlk2'},{'share':59660,'shareInHomeCurrency':24400,'forTravelerId':'SqiNxB2uqaP1NQrZohpuJTCEi5x2'}]"
"60.00"," 24.54","Transportation","2.445","Peru","PE","2026-02-26","CAD","PEN","Collectivo","kristianallin","kristianallin,egal,susannaallin04"," 8.18"," 8.18"," 8.18","Cash","","","","","Expense","1","false","false","train-false-a600971fdd23ea1f5685d7ee01d5f5c3","train","#EF6C00","payments-069b30db06d047a398f9eb0940d3279c","payments","#039BE5","2qZZepJQcJZ9kN0wUZh8xKeSaFx1","","[{'share':20000,'shareInHomeCurrency':8180,'forTravelerId':'2qZZepJQcJZ9kN0wUZh8xKeSaFx1'},{'share':20000,'shareInHomeCurrency':8180,'forTravelerId':'jAoT6CIQr2Nvpcx7t7d0KhKGmlk2'},{'share':20000,'shareInHomeCurrency':8180,'forTravelerId':'SqiNxB2uqaP1NQrZohpuJTCEi5x2'}]"
"111.11"," 45.45","Restaurants","2.445","Peru","PE","2026-02-26","CAD","PEN","IZI* Casa Cristobal Cent","kristianallin","kristianallin,egal,susannaallin04"," 15.15"," 15.15"," 15.15","Credit Card","","","","","Expense","1","false","false","restaurant-false-386c1f850fbd5f478fb4ef8a134c1740","restaurant","#009688","credit_card-73a61696f100b3858511e212a3feea6b","credit_card","#FFB300","2qZZepJQcJZ9kN0wUZh8xKeSaFx1","","[{'share':37040,'shareInHomeCurrency':15150,'forTravelerId':'2qZZepJQcJZ9kN0wUZh8xKeSaFx1'},{'share':37040,'shareInHomeCurrency':15150,'forTravelerId':'jAoT6CIQr2Nvpcx7t7d0KhKGmlk2'},{'share':37030,'shareInHomeCurrency':15150,'forTravelerId':'SqiNxB2uqaP1NQrZohpuJTCEi5x2'}]"
" 66.00"," 66.00","Accommodation","1","Peru","PE","2026-02-26","CAD","CAD","Hotel horizonte","kristianallin","kristianallin,egal,susannaallin04"," 22.00"," 22.00"," 22.00","Credit Card","","Cusco, Peru","-13.523","-71.978","Expense","1","false","false","hotel-false-3e1b660a6d0b1877c3dd4a16fbb5cb5c","hotel","#DB4437","credit_card-73a61696f100b3858511e212a3feea6b","credit_card","#FFB300","2qZZepJQcJZ9kN0wUZh8xKeSaFx1","","[{'share':22000,'shareInHomeCurrency':22000,'forTravelerId':'2qZZepJQcJZ9kN0wUZh8xKeSaFx1'},{'share':22000,'shareInHomeCurrency':22000,'forTravelerId':'jAoT6CIQr2Nvpcx7t7d0KhKGmlk2'},{'share':22000,'shareInHomeCurrency':22000,'forTravelerId':'SqiNxB2uqaP1NQrZohpuJTCEi5x2'}]"
"45.00"," 18.34","Drinks","2.454","Peru","PE","2026-02-25","CAD","PEN","Openpay*koko Cusco Lim","kristianallin","kristianallin,egal,susannaallin04"," 6.11"," 6.11"," 6.12","Credit Card","","","","","Expense","1","false","false","local_bar-false-0c96179df5834759b90ee5cb3834a365","local_bar","#673AB7","credit_card-73a61696f100b3858511e212a3feea6b","credit_card","#FFB300","2qZZepJQcJZ9kN0wUZh8xKeSaFx1","","[{'share':15000,'shareInHomeCurrency':6110,'forTravelerId':'2qZZepJQcJZ9kN0wUZh8xKeSaFx1'},{'share':15000,'shareInHomeCurrency':6110,'forTravelerId':'jAoT6CIQr2Nvpcx7t7d0KhKGmlk2'},{'share':15000,'shareInHomeCurrency':6120,'forTravelerId':'SqiNxB2uqaP1NQrZohpuJTCEi5x2'}]"
"134.00"," 54.61","Restaurants","2.454","Peru","PE","2026-02-25","CAD","PEN","Openpay*koko Cusco Lim","kristianallin","kristianallin,egal,susannaallin04"," 18.20"," 18.20"," 18.21","Credit Card","","","","","Expense","1","false","false","restaurant-false-386c1f850fbd5f478fb4ef8a134c1740","restaurant","#009688","credit_card-73a61696f100b3858511e212a3feea6b","credit_card","#FFB300","2qZZepJQcJZ9kN0wUZh8xKeSaFx1","","[{'share':44670,'shareInHomeCurrency':18200,'forTravelerId':'2qZZepJQcJZ9kN0wUZh8xKeSaFx1'},{'share':44670,'shareInHomeCurrency':18200,'forTravelerId':'jAoT6CIQr2Nvpcx7t7d0KhKGmlk2'},{'share':44660,'shareInHomeCurrency':18210,'forTravelerId':'SqiNxB2uqaP1NQrZohpuJTCEi5x2'}]"
"10.00"," 4.08","Transportation","2.454","Peru","PE","2026-02-25","CAD","PEN","Uber","kristianallin","kristianallin,egal,susannaallin04"," 1.36"," 1.36"," 1.36","Credit Card","","","","","Expense","1","false","false","train-false-a600971fdd23ea1f5685d7ee01d5f5c3","train","#EF6C00","credit_card-73a61696f100b3858511e212a3feea6b","credit_card","#FFB300","2qZZepJQcJZ9kN0wUZh8xKeSaFx1","","[{'share':3330,'shareInHomeCurrency':1360,'forTravelerId':'2qZZepJQcJZ9kN0wUZh8xKeSaFx1'},{'share':3330,'shareInHomeCurrency':1360,'forTravelerId':'jAoT6CIQr2Nvpcx7t7d0KhKGmlk2'},{'share':3340,'shareInHomeCurrency':1360,'forTravelerId':'SqiNxB2uqaP1NQrZohpuJTCEi5x2'}]"
"100.00"," 40.75","Gas","2.454","Peru","PE","2026-02-25","CAD","PEN","IZI* Servicentro Cruz De","kristianallin","kristianallin,egal,susannaallin04"," 13.58"," 13.58"," 13.59","Credit Card","","","","","Expense","1","false","false","ev_station-false-635459702f9817de29e608fa3395637c","ev_station","#6D4C41","credit_card-73a61696f100b3858511e212a3feea6b","credit_card","#FFB300","2qZZepJQcJZ9kN0wUZh8xKeSaFx1","","[{'share':33330,'shareInHomeCurrency':13580,'forTravelerId':'2qZZepJQcJZ9kN0wUZh8xKeSaFx1'},{'share':33330,'shareInHomeCurrency':13580,'forTravelerId':'jAoT6CIQr2Nvpcx7t7d0KhKGmlk2'},{'share':33340,'shareInHomeCurrency':13590,'forTravelerId':'SqiNxB2uqaP1NQrZohpuJTCEi5x2'}]"
"10.00"," 4.08","Transportation","2.454","Peru","PE","2026-02-25","CAD","PEN","Parking","kristianallin","kristianallin,egal,susannaallin04"," 1.36"," 1.36"," 1.36","Cash","","","","","Expense","1","false","false","train-false-a600971fdd23ea1f5685d7ee01d5f5c3","train","#EF6C00","payments-069b30db06d047a398f9eb0940d3279c","payments","#039BE5","2qZZepJQcJZ9kN0wUZh8xKeSaFx1","","[{'share':3330,'shareInHomeCurrency':1360,'forTravelerId':'2qZZepJQcJZ9kN0wUZh8xKeSaFx1'},{'share':3330,'shareInHomeCurrency':1360,'forTravelerId':'jAoT6CIQr2Nvpcx7t7d0KhKGmlk2'},{'share':3340,'shareInHomeCurrency':1360,'forTravelerId':'SqiNxB2uqaP1NQrZohpuJTCEi5x2'}]"
"11.40"," 4.66","Groceries","2.449","Peru","PE","2026-02-24","CAD","PEN","Super Ahorro Supermercado","kristianallin","kristianallin,egal,susannaallin04"," 1.55"," 1.55"," 1.56","Credit Card","","","","","Expense","1","false","false","shopping_cart-false-7c3765bf72361083d820071fb21308a9","shopping_cart","#039BE5","credit_card-73a61696f100b3858511e212a3feea6b","credit_card","#FFB300","2qZZepJQcJZ9kN0wUZh8xKeSaFx1","","[{'share':3800,'shareInHomeCurrency':1550,'forTravelerId':'2qZZepJQcJZ9kN0wUZh8xKeSaFx1'},{'share':3800,'shareInHomeCurrency':1550,'forTravelerId':'jAoT6CIQr2Nvpcx7t7d0KhKGmlk2'},{'share':3800,'shareInHomeCurrency':1560,'forTravelerId':'SqiNxB2uqaP1NQrZohpuJTCEi5x2'}]"
"199.10"," 81.31","Restaurants","2.449","Peru","PE","2026-02-24","CAD","PEN","IZI* Chulls Craft Beer R","kristianallin","kristianallin,egal,susannaallin04"," 27.10"," 27.10"," 27.11","Credit Card","","","","","Expense","1","false","false","restaurant-false-386c1f850fbd5f478fb4ef8a134c1740","restaurant","#009688","credit_card-73a61696f100b3858511e212a3feea6b","credit_card","#FFB300","2qZZepJQcJZ9kN0wUZh8xKeSaFx1","","[{'share':66370,'shareInHomeCurrency':27100,'forTravelerId':'2qZZepJQcJZ9kN0wUZh8xKeSaFx1'},{'share':66370,'shareInHomeCurrency':27100,'forTravelerId':'jAoT6CIQr2Nvpcx7t7d0KhKGmlk2'},{'share':66360,'shareInHomeCurrency':27110,'forTravelerId':'SqiNxB2uqaP1NQrZohpuJTCEi5x2'}]"
"90.00"," 36.76","Restaurants","2.449","Peru","PE","2026-02-24","CAD","PEN","Condori Callo Cirila","kristianallin","kristianallin,egal,susannaallin04"," 12.25"," 12.25"," 12.26","Credit Card","","","","","Expense","1","false","false","restaurant-false-386c1f850fbd5f478fb4ef8a134c1740","restaurant","#009688","credit_card-73a61696f100b3858511e212a3feea6b","credit_card","#FFB300","2qZZepJQcJZ9kN0wUZh8xKeSaFx1","","[{'share':30000,'shareInHomeCurrency':12250,'forTravelerId':'2qZZepJQcJZ9kN0wUZh8xKeSaFx1'},{'share':30000,'shareInHomeCurrency':12250,'forTravelerId':'jAoT6CIQr2Nvpcx7t7d0KhKGmlk2'},{'share':30000,'shareInHomeCurrency':12260,'forTravelerId':'SqiNxB2uqaP1NQrZohpuJTCEi5x2'}]"
"130.00"," 53.09","Activities","2.449","Peru","PE","2026-02-24","CAD","PEN","Cusco ticket","kristianallin","susannaallin04"," 0.00"," 0.00"," 53.09","Cash","","Cuzco, Peru","-13.511","-71.979","Expense","1","false","false","rowing-false-d78ed35383108fb6c04c16d0a11b20fe","rowing","#E91E63","payments-069b30db06d047a398f9eb0940d3279c","payments","#039BE5","2qZZepJQcJZ9kN0wUZh8xKeSaFx1","","[{'share':130000,'shareInHomeCurrency':53090,'forTravelerId':'SqiNxB2uqaP1NQrZohpuJTCEi5x2'}]"
"80.00"," 32.67","Activities","2.449","Peru","PE","2026-02-24","CAD","PEN","Saqsaywaman tour guide","kristianallin","kristianallin,egal,susannaallin04"," 10.89"," 10.89"," 10.89","Cash","","Cuzco, Peru","-13.511","-71.979","Expense","1","false","false","rowing-false-d78ed35383108fb6c04c16d0a11b20fe","rowing","#E91E63","payments-069b30db06d047a398f9eb0940d3279c","payments","#039BE5","2qZZepJQcJZ9kN0wUZh8xKeSaFx1","","[{'share':26670,'shareInHomeCurrency':10890,'forTravelerId':'2qZZepJQcJZ9kN0wUZh8xKeSaFx1'},{'share':26670,'shareInHomeCurrency':10890,'forTravelerId':'jAoT6CIQr2Nvpcx7t7d0KhKGmlk2'},{'share':26660,'shareInHomeCurrency':10890,'forTravelerId':'SqiNxB2uqaP1NQrZohpuJTCEi5x2'}]"
"30.00"," 12.25","Transportation","2.449","Peru","PE","2026-02-24","CAD","PEN","Parking","kristianallin","kristianallin"," 12.25"," 0.00"," 0.00","Cash","","","","","Expense","1","false","false","train-false-a600971fdd23ea1f5685d7ee01d5f5c3","train","#EF6C00","payments-069b30db06d047a398f9eb0940d3279c","payments","#039BE5","2qZZepJQcJZ9kN0wUZh8xKeSaFx1","","[{'share':30000,'shareInHomeCurrency':12250,'forTravelerId':'2qZZepJQcJZ9kN0wUZh8xKeSaFx1'}]"
" 146.00"," 146.00","Accommodation","1","Peru","PE","2026-02-24","CAD","CAD","Airbnb Cusco","kristianallin","kristianallin,egal,susannaallin04"," 48.67"," 48.67"," 48.66","Credit Card","","Cusco, Peru","-13.523","-71.978","Expense","2","false","false","hotel-false-3e1b660a6d0b1877c3dd4a16fbb5cb5c","hotel","#DB4437","credit_card-73a61696f100b3858511e212a3feea6b","credit_card","#FFB300","2qZZepJQcJZ9kN0wUZh8xKeSaFx1","","[{'share':48670,'shareInHomeCurrency':48670,'forTravelerId':'2qZZepJQcJZ9kN0wUZh8xKeSaFx1'},{'share':48670,'shareInHomeCurrency':48670,'forTravelerId':'jAoT6CIQr2Nvpcx7t7d0KhKGmlk2'},{'share':48660,'shareInHomeCurrency':48660,'forTravelerId':'SqiNxB2uqaP1NQrZohpuJTCEi5x2'}]"
" 73.00"," 73.00","Accommodation","1","Peru","PE","2026-02-23","CAD","CAD","Airbnb Cusco","kristianallin","kristianallin,egal"," 36.50"," 36.50"," 0.00","Credit Card","","Cusco, Peru","-13.523","-71.978","Expense","1","false","false","hotel-false-3e1b660a6d0b1877c3dd4a16fbb5cb5c","hotel","#DB4437","credit_card-73a61696f100b3858511e212a3feea6b","credit_card","#FFB300","2qZZepJQcJZ9kN0wUZh8xKeSaFx1","","[{'share':36500,'shareInHomeCurrency':36500,'forTravelerId':'2qZZepJQcJZ9kN0wUZh8xKeSaFx1'},{'share':36500,'shareInHomeCurrency':36500,'forTravelerId':'jAoT6CIQr2Nvpcx7t7d0KhKGmlk2'}]"
"58.10"," 23.77","Groceries","2.444","Peru","PE","2026-02-23","CAD","PEN","Super Ahorro Supermercad","kristianallin","kristianallin,egal"," 11.89"," 11.88"," 0.00","Credit Card","","","","","Expense","1","false","false","shopping_cart-false-7c3765bf72361083d820071fb21308a9","shopping_cart","#039BE5","credit_card-73a61696f100b3858511e212a3feea6b","credit_card","#FFB300","2qZZepJQcJZ9kN0wUZh8xKeSaFx1","","[{'share':29050,'shareInHomeCurrency':11890,'forTravelerId':'2qZZepJQcJZ9kN0wUZh8xKeSaFx1'},{'share':29050,'shareInHomeCurrency':11880,'forTravelerId':'jAoT6CIQr2Nvpcx7t7d0KhKGmlk2'}]"
"40.00"," 16.37","Restaurants","2.444","Peru","PE","2026-02-23","CAD","PEN","Oakberry","kristianallin","kristianallin,egal"," 8.19"," 8.18"," 0.00","Credit Card","","","","","Expense","1","false","false","restaurant-false-386c1f850fbd5f478fb4ef8a134c1740","restaurant","#009688","credit_card-73a61696f100b3858511e212a3feea6b","credit_card","#FFB300","2qZZepJQcJZ9kN0wUZh8xKeSaFx1","","[{'share':20000,'shareInHomeCurrency':8190,'forTravelerId':'2qZZepJQcJZ9kN0wUZh8xKeSaFx1'},{'share':20000,'shareInHomeCurrency':8180,'forTravelerId':'jAoT6CIQr2Nvpcx7t7d0KhKGmlk2'}]"
"260.00"," 106.38","Activities","2.444","Peru","PE","2026-02-23","CAD","PEN","Cusco pass","kristianallin","kristianallin,egal"," 53.19"," 53.19"," 0.00","Cash","","","","","Expense","1","false","false","rowing-false-d78ed35383108fb6c04c16d0a11b20fe","rowing","#E91E63","payments-069b30db06d047a398f9eb0940d3279c","payments","#039BE5","2qZZepJQcJZ9kN0wUZh8xKeSaFx1","","[{'share':130000,'shareInHomeCurrency':53190,'forTravelerId':'2qZZepJQcJZ9kN0wUZh8xKeSaFx1'},{'share':130000,'shareInHomeCurrency':53190,'forTravelerId':'jAoT6CIQr2Nvpcx7t7d0KhKGmlk2'}]"
"30.00"," 12.25","Restaurants","2.449","Peru","PE","2026-02-22","CAD","PEN","Tip","kristianallin","kristianallin"," 12.25"," 0.00"," 0.00","Cash","","","","","Expense","1","false","false","restaurant-false-386c1f850fbd5f478fb4ef8a134c1740","restaurant","#009688","payments-069b30db06d047a398f9eb0940d3279c","payments","#039BE5","2qZZepJQcJZ9kN0wUZh8xKeSaFx1","","[{'share':30000,'shareInHomeCurrency':12250,'forTravelerId':'2qZZepJQcJZ9kN0wUZh8xKeSaFx1'}]"
"194.00"," 79.20","Restaurants","2.449","Peru","PE","2026-02-22","CAD","PEN","Dinner Mountain View Expe","kristianallin","kristianallin"," 79.20"," 0.00"," 0.00","Credit Card","","","","","Expense","1","false","false","restaurant-false-386c1f850fbd5f478fb4ef8a134c1740","restaurant","#009688","credit_card-73a61696f100b3858511e212a3feea6b","credit_card","#FFB300","2qZZepJQcJZ9kN0wUZh8xKeSaFx1","","[{'share':194000,'shareInHomeCurrency':79200,'forTravelerId':'2qZZepJQcJZ9kN0wUZh8xKeSaFx1'}]"
"11.20"," 4.57","Groceries","2.449","Peru","PE","2026-02-22","CAD","PEN","2590 Mass Urubamba2 Cus","kristianallin","kristianallin"," 4.57"," 0.00"," 0.00","Credit Card","","","","","Expense","1","false","false","shopping_cart-false-7c3765bf72361083d820071fb21308a9","shopping_cart","#039BE5","credit_card-73a61696f100b3858511e212a3feea6b","credit_card","#FFB300","2qZZepJQcJZ9kN0wUZh8xKeSaFx1","","[{'share':11200,'shareInHomeCurrency':4570,'forTravelerId':'2qZZepJQcJZ9kN0wUZh8xKeSaFx1'}]"
"50.00"," 20.41","Shopping","2.449","Peru","PE","2026-02-22","CAD","PEN","Chocolate","kristianallin","kristianallin"," 20.41"," 0.00"," 0.00","Credit Card","","","","","Expense","1","false","false","local_mall-false-fed561a86e066be5a26232626c4867a2","local_mall","#0F9D58","credit_card-73a61696f100b3858511e212a3feea6b","credit_card","#FFB300","2qZZepJQcJZ9kN0wUZh8xKeSaFx1","","[{'share':50000,'shareInHomeCurrency':20410,'forTravelerId':'2qZZepJQcJZ9kN0wUZh8xKeSaFx1'}]"
"127.00"," 51.85","Restaurants","2.449","Peru","PE","2026-02-22","CAD","PEN","Lunch  Mountain View Exper","kristianallin","kristianallin"," 51.85"," 0.00"," 0.00","Credit Card","","","","","Expense","1","false","false","restaurant-false-386c1f850fbd5f478fb4ef8a134c1740","restaurant","#009688","credit_card-73a61696f100b3858511e212a3feea6b","credit_card","#FFB300","2qZZepJQcJZ9kN0wUZh8xKeSaFx1","","[{'share':127000,'shareInHomeCurrency':51850,'forTravelerId':'2qZZepJQcJZ9kN0wUZh8xKeSaFx1'}]"
" 77.00"," 105.36","Transportation","0.731","Peru","PE","2026-02-22","CAD","USD","Rental car","kristianallin","kristianallin,egal"," 52.68"," 52.68"," 0.00","Credit Card","","Cuzco, Peru","-13.323","-72.145","Expense","4","false","false","train-false-a600971fdd23ea1f5685d7ee01d5f5c3","train","#EF6C00","credit_card-73a61696f100b3858511e212a3feea6b","credit_card","#FFB300","2qZZepJQcJZ9kN0wUZh8xKeSaFx1","","[{'share':38500,'shareInHomeCurrency':52680,'forTravelerId':'2qZZepJQcJZ9kN0wUZh8xKeSaFx1'},{'share':38500,'shareInHomeCurrency':52680,'forTravelerId':'jAoT6CIQr2Nvpcx7t7d0KhKGmlk2'}]"
"17.40"," 7.10","Transportation","2.449","Peru","PE","2026-02-22","CAD","PEN","Taxi to airport","kristianallin","kristianallin"," 7.10"," 0.00"," 0.00","Credit Card","","","","","Expense","1","false","false","train-false-a600971fdd23ea1f5685d7ee01d5f5c3","train","#EF6C00","credit_card-73a61696f100b3858511e212a3feea6b","credit_card","#FFB300","2qZZepJQcJZ9kN0wUZh8xKeSaFx1","","[{'share':17400,'shareInHomeCurrency':7100,'forTravelerId':'2qZZepJQcJZ9kN0wUZh8xKeSaFx1'}]"
" 1.00"," 1.00","Accommodation","1","Peru","PE","2026-02-22","CAD","CAD","Glamping (credit card cash back)","egal","kristianallin,egal"," 0.50"," 0.50"," 0.00","Credit Card","","Cusco, Peru","-13.523","-71.977","Expense","1","false","false","hotel-false-3e1b660a6d0b1877c3dd4a16fbb5cb5c","hotel","#DB4437","credit_card-73a61696f100b3858511e212a3feea6b","credit_card","#FFB300","jAoT6CIQr2Nvpcx7t7d0KhKGmlk2","","[{'share':500,'shareInHomeCurrency':500,'forTravelerId':'2qZZepJQcJZ9kN0wUZh8xKeSaFx1'},{'share':500,'shareInHomeCurrency':500,'forTravelerId':'jAoT6CIQr2Nvpcx7t7d0KhKGmlk2'}]"
"20.00"," 8.17","Groceries","2.449","Peru","PE","2026-02-21","CAD","PEN","Convenience store","kristianallin","kristianallin"," 8.17"," 0.00"," 0.00","Cash","","","","","Expense","1","false","false","shopping_cart-false-7c3765bf72361083d820071fb21308a9","shopping_cart","#039BE5","payments-069b30db06d047a398f9eb0940d3279c","payments","#039BE5","2qZZepJQcJZ9kN0wUZh8xKeSaFx1","","[{'share':20000,'shareInHomeCurrency':8170,'forTravelerId':'2qZZepJQcJZ9kN0wUZh8xKeSaFx1'}]"
"20.00"," 8.17","Shopping","2.449","Peru","PE","2026-02-21","CAD","PEN","Hats","kristianallin","kristianallin"," 8.17"," 0.00"," 0.00","Cash","","","","","Expense","1","false","false","local_mall-false-fed561a86e066be5a26232626c4867a2","local_mall","#0F9D58","payments-069b30db06d047a398f9eb0940d3279c","payments","#039BE5","2qZZepJQcJZ9kN0wUZh8xKeSaFx1","","[{'share':20000,'shareInHomeCurrency':8170,'forTravelerId':'2qZZepJQcJZ9kN0wUZh8xKeSaFx1'}]"
"181.50"," 74.10","Restaurants","2.449","Peru","PE","2026-02-21","CAD","PEN","IZI* Chulls Craft Beer R","kristianallin","kristianallin"," 74.10"," 0.00"," 0.00","Credit Card","","","","","Expense","1","false","false","restaurant-false-386c1f850fbd5f478fb4ef8a134c1740","restaurant","#009688","credit_card-73a61696f100b3858511e212a3feea6b","credit_card","#FFB300","2qZZepJQcJZ9kN0wUZh8xKeSaFx1","","[{'share':181500,'shareInHomeCurrency':74100,'forTravelerId':'2qZZepJQcJZ9kN0wUZh8xKeSaFx1'}]"
" 2.00"," 2.74","Restaurants","0.731","Peru","PE","2026-02-21","CAD","USD","Croissant Quito Airport","egal","kristianallin,egal"," 1.37"," 1.37"," 0.00","Credit Card","","Cusco, Peru","-13.523","-71.977","Expense","1","false","false","restaurant-false-386c1f850fbd5f478fb4ef8a134c1740","restaurant","#009688","credit_card-73a61696f100b3858511e212a3feea6b","credit_card","#FFB300","jAoT6CIQr2Nvpcx7t7d0KhKGmlk2","","[{'share':1000,'shareInHomeCurrency':1370,'forTravelerId':'2qZZepJQcJZ9kN0wUZh8xKeSaFx1'},{'share':1000,'shareInHomeCurrency':1370,'forTravelerId':'jAoT6CIQr2Nvpcx7t7d0KhKGmlk2'}]"
"26.00"," 10.61","Restaurants","2.449","Peru","PE","2026-02-21","CAD","PEN","Airport chicken nuggies","egal","kristianallin,egal"," 5.31"," 5.30"," 0.00","Credit Card","","","","","Expense","1","false","false","restaurant-false-386c1f850fbd5f478fb4ef8a134c1740","restaurant","#009688","credit_card-73a61696f100b3858511e212a3feea6b","credit_card","#FFB300","jAoT6CIQr2Nvpcx7t7d0KhKGmlk2","","[{'share':13000,'shareInHomeCurrency':5310,'forTravelerId':'2qZZepJQcJZ9kN0wUZh8xKeSaFx1'},{'share':13000,'shareInHomeCurrency':5300,'forTravelerId':'jAoT6CIQr2Nvpcx7t7d0KhKGmlk2'}]"
"18.50"," 7.55","Transportation","2.449","Peru","PE","2026-02-21","CAD","PEN","Uber to hotel","egal","kristianallin,egal"," 3.78"," 3.77"," 0.00","Credit Card","","Cusco, Peru","-13.523","-71.977","Expense","1","false","false","train-false-a600971fdd23ea1f5685d7ee01d5f5c3","train","#EF6C00","credit_card-73a61696f100b3858511e212a3feea6b","credit_card","#FFB300","jAoT6CIQr2Nvpcx7t7d0KhKGmlk2","","[{'share':9250,'shareInHomeCurrency':3780,'forTravelerId':'2qZZepJQcJZ9kN0wUZh8xKeSaFx1'},{'share':9250,'shareInHomeCurrency':3770,'forTravelerId':'jAoT6CIQr2Nvpcx7t7d0KhKGmlk2'}]"
"189.84"," 77.51","Accommodation","2.449","Peru","PE","2026-02-21","CAD","PEN","Cusco night one","egal","kristianallin,egal"," 38.76"," 38.75"," 0.00","Credit Card","","Miguel Hidalgo, Mexico","19.405","-99.178","Expense","1","false","false","hotel-false-3e1b660a6d0b1877c3dd4a16fbb5cb5c","hotel","#DB4437","credit_card-73a61696f100b3858511e212a3feea6b","credit_card","#FFB300","jAoT6CIQr2Nvpcx7t7d0KhKGmlk2","","[{'share':94920,'shareInHomeCurrency':38760,'forTravelerId':'2qZZepJQcJZ9kN0wUZh8xKeSaFx1'},{'share':94920,'shareInHomeCurrency':38750,'forTravelerId':'jAoT6CIQr2Nvpcx7t7d0KhKGmlk2'}]"
"220.00"," 87.72","","2.508","","","2026-03-05","CAD","PEN","","susannaallin04","kristianallin","","","","","","","","","Transfer","","","","","","","","","","SqiNxB2uqaP1NQrZohpuJTCEi5x2","2qZZepJQcJZ9kN0wUZh8xKeSaFx1",""
"400.00"," 162.93","","2.455","","","2026-02-28","CAD","PEN","","egal","kristianallin","","","","","","","","","Transfer","","","","","","","","","","jAoT6CIQr2Nvpcx7t7d0KhKGmlk2","2qZZepJQcJZ9kN0wUZh8xKeSaFx1",""
